{
  "individual_results": [
    {
      "query": "running shoes",
      "category": "Footwear",
      "relevant_count": 10,
      "retrieved_count": 10,
      "category_accuracy": 0.6,
      "latency_metrics": {
        "mean_latency_ms": 25.29425621032715,
        "median_latency_ms": 23.871302604675293,
        "min_latency_ms": 21.608829498291016,
        "max_latency_ms": 37.16921806335449,
        "std_latency_ms": 4.322527721055607
      },
      "precision@1": 1.0,
      "recall@1": 0.1,
      "precision@3": 0.6666666666666666,
      "recall@3": 0.2,
      "precision@5": 0.4,
      "recall@5": 0.2,
      "precision@10": 0.5,
      "recall@10": 0.5
    },
    {
      "query": "party heels",
      "category": "Footwear",
      "relevant_count": 3,
      "retrieved_count": 10,
      "category_accuracy": 0.7,
      "latency_metrics": {
        "mean_latency_ms": 28.185033798217773,
        "median_latency_ms": 26.67391300201416,
        "min_latency_ms": 23.1778621673584,
        "max_latency_ms": 43.192148208618164,
        "std_latency_ms": 5.605488558612057
      },
      "precision@1": 1.0,
      "recall@1": 0.3333333333333333,
      "precision@3": 0.3333333333333333,
      "recall@3": 0.3333333333333333,
      "precision@5": 0.4,
      "recall@5": 0.6666666666666666,
      "precision@10": 0.3,
      "recall@10": 1.0
    },
    {
      "query": "leather boots",
      "category": "Footwear",
      "relevant_count": 2,
      "retrieved_count": 4,
      "category_accuracy": 1.0,
      "latency_metrics": {
        "mean_latency_ms": 33.7022066116333,
        "median_latency_ms": 29.624104499816895,
        "min_latency_ms": 22.6442813873291,
        "max_latency_ms": 45.73512077331543,
        "std_latency_ms": 8.90020232971575
      },
      "precision@1": 1.0,
      "recall@1": 0.5,
      "precision@3": 0.6666666666666666,
      "recall@3": 1.0,
      "precision@5": 0.4,
      "recall@5": 1.0,
      "precision@10": 0.2,
      "recall@10": 1.0
    },
    {
      "query": "sandals",
      "category": "Footwear",
      "relevant_count": 7,
      "retrieved_count": 7,
      "category_accuracy": 1.0,
      "latency_metrics": {
        "mean_latency_ms": 30.70225715637207,
        "median_latency_ms": 28.828144073486328,
        "min_latency_ms": 21.158456802368164,
        "max_latency_ms": 48.343658447265625,
        "std_latency_ms": 7.795848457997005
      },
      "precision@1": 1.0,
      "recall@1": 0.14285714285714285,
      "precision@3": 1.0,
      "recall@3": 0.42857142857142855,
      "precision@5": 1.0,
      "recall@5": 0.7142857142857143,
      "precision@10": 0.7,
      "recall@10": 1.0
    },
    {
      "query": "slippers",
      "category": "Footwear",
      "relevant_count": 5,
      "retrieved_count": 5,
      "category_accuracy": 1.0,
      "latency_metrics": {
        "mean_latency_ms": 26.9026517868042,
        "median_latency_ms": 25.234341621398926,
        "min_latency_ms": 20.741701126098633,
        "max_latency_ms": 37.926435470581055,
        "std_latency_ms": 5.307414429221417
      },
      "precision@1": 1.0,
      "recall@1": 0.2,
      "precision@3": 1.0,
      "recall@3": 0.6,
      "precision@5": 1.0,
      "recall@5": 1.0,
      "precision@10": 0.5,
      "recall@10": 1.0
    },
    {
      "query": "cotton t-shirt",
      "category": "Clothing",
      "relevant_count": 1,
      "retrieved_count": 4,
      "category_accuracy": 1.0,
      "latency_metrics": {
        "mean_latency_ms": 30.508804321289062,
        "median_latency_ms": 28.472185134887695,
        "min_latency_ms": 23.660659790039062,
        "max_latency_ms": 44.34800148010254,
        "std_latency_ms": 5.968128853550923
      },
      "precision@1": 1.0,
      "recall@1": 1.0,
      "precision@3": 0.3333333333333333,
      "recall@3": 1.0,
      "precision@5": 0.2,
      "recall@5": 1.0,
      "precision@10": 0.1,
      "recall@10": 1.0
    },
    {
      "query": "winter jacket",
      "category": "Clothing",
      "relevant_count": 6,
      "retrieved_count": 10,
      "category_accuracy": 0.5,
      "latency_metrics": {
        "mean_latency_ms": 27.300071716308594,
        "median_latency_ms": 25.99513530731201,
        "min_latency_ms": 19.325971603393555,
        "max_latency_ms": 36.1635684967041,
        "std_latency_ms": 5.245162612322068
      },
      "precision@1": 1.0,
      "recall@1": 0.16666666666666666,
      "precision@3": 0.6666666666666666,
      "recall@3": 0.3333333333333333,
      "precision@5": 0.6,
      "recall@5": 0.5,
      "precision@10": 0.3,
      "recall@10": 0.5
    },
    {
      "query": "formal dress",
      "category": "Clothing",
      "relevant_count": 2,
      "retrieved_count": 10,
      "category_accuracy": 0.5,
      "latency_metrics": {
        "mean_latency_ms": 26.408696174621582,
        "median_latency_ms": 26.158928871154785,
        "min_latency_ms": 21.230697631835938,
        "max_latency_ms": 34.7442626953125,
        "std_latency_ms": 3.718163563359504
      },
      "precision@1": 0.0,
      "recall@1": 0.0,
      "precision@3": 0.3333333333333333,
      "recall@3": 0.5,
      "precision@5": 0.2,
      "recall@5": 0.5,
      "precision@10": 0.2,
      "recall@10": 1.0
    },
    {
      "query": "wool sweater",
      "category": "Clothing",
      "relevant_count": 1,
      "retrieved_count": 3,
      "category_accuracy": 1.0,
      "latency_metrics": {
        "mean_latency_ms": 29.77595329284668,
        "median_latency_ms": 28.46348285675049,
        "min_latency_ms": 23.906230926513672,
        "max_latency_ms": 40.57955741882324,
        "std_latency_ms": 5.425249463194428
      },
      "precision@1": 1.0,
      "recall@1": 1.0,
      "precision@3": 0.3333333333333333,
      "recall@3": 1.0,
      "precision@5": 0.2,
      "recall@5": 1.0,
      "precision@10": 0.1,
      "recall@10": 1.0
    },
    {
      "query": "leather handbag",
      "category": "Accessories",
      "relevant_count": 1,
      "retrieved_count": 6,
      "category_accuracy": 1.0,
      "latency_metrics": {
        "mean_latency_ms": 30.747413635253906,
        "median_latency_ms": 28.763890266418457,
        "min_latency_ms": 22.381305694580078,
        "max_latency_ms": 42.92631149291992,
        "std_latency_ms": 7.011971922332261
      },
      "precision@1": 1.0,
      "recall@1": 1.0,
      "precision@3": 0.3333333333333333,
      "recall@3": 1.0,
      "precision@5": 0.2,
      "recall@5": 1.0,
      "precision@10": 0.1,
      "recall@10": 1.0
    },
    {
      "query": "laptop backpack",
      "category": "Accessories",
      "relevant_count": 2,
      "retrieved_count": 10,
      "category_accuracy": 0.4,
      "latency_metrics": {
        "mean_latency_ms": 33.287739753723145,
        "median_latency_ms": 30.423760414123535,
        "min_latency_ms": 20.88761329650879,
        "max_latency_ms": 50.02474784851074,
        "std_latency_ms": 8.257062050229752
      },
      "precision@1": 0.0,
      "recall@1": 0.0,
      "precision@3": 0.0,
      "recall@3": 0.0,
      "precision@5": 0.0,
      "recall@5": 0.0,
      "precision@10": 0.2,
      "recall@10": 1.0
    },
    {
      "query": "wrist watch",
      "category": "Accessories",
      "relevant_count": 4,
      "retrieved_count": 10,
      "category_accuracy": 1.0,
      "latency_metrics": {
        "mean_latency_ms": 26.472163200378418,
        "median_latency_ms": 26.492834091186523,
        "min_latency_ms": 18.790483474731445,
        "max_latency_ms": 35.15505790710449,
        "std_latency_ms": 5.243941850956965
      },
      "precision@1": 1.0,
      "recall@1": 0.25,
      "precision@3": 0.6666666666666666,
      "recall@3": 0.5,
      "precision@5": 0.8,
      "recall@5": 1.0,
      "precision@10": 0.4,
      "recall@10": 1.0
    },
    {
      "query": "nike shoes",
      "category": "Footwear",
      "relevant_count": 8,
      "retrieved_count": 10,
      "category_accuracy": 0.5,